<?xml version="1.0"?>
<Runs Version="1" Minor="0">
	<Run Id="design_1_blk_mem_gen_0_0_synth_1" LaunchDir="C:/Users/elada/Documents/Doctorat/ESA/RW/Paper_3/Debug/Debug.runs/design_1_blk_mem_gen_0_0_synth_1" FlowId="Vivado_Synthesis" FromStepId="vivado" ToStepId="vivado"/>
	<Run Id="synth_1" LaunchDir="C:/Users/elada/Documents/Doctorat/ESA/RW/Paper_3/Debug/Debug.runs/synth_1" FlowId="Vivado_Synthesis" FromStepId="vivado" ToStepId="vivado">
		<Parent Id="design_1_blk_mem_gen_0_0_synth_1"/>
	</Run>
	<Parameters>
		<Parameter Name="runs.monitorLSFJobs" Val="true" Type="bool"/>
		<Parameter Name="runs.enableClusterConf" Val="true" Type="bool"/>
		<Parameter Name="general.shortenLongPath" Val="true" Type="bool"/>
	</Parameters>
	<ProductInfo Name="vivado"/>
</Runs>

