<?xml version="1.0"?>
<Runs Version="1" Minor="0">
	<Run Id="design_1_ISAX_isaxmul_0_0_synth_1" LaunchDir="C:/Users/elada/Documents/Doctorat/ESA/RW/Paper_3/Debug/Debug.runs/design_1_ISAX_isaxmul_0_0_synth_1" FlowId="Vivado_Synthesis" FromStepId="vivado" ToStepId="vivado"/>
	<Run Id="design_1_SCAL_0_0_synth_1" LaunchDir="C:/Users/elada/Documents/Doctorat/ESA/RW/Paper_3/Debug/Debug.runs/design_1_SCAL_0_0_synth_1" FlowId="Vivado_Synthesis" FromStepId="vivado" ToStepId="vivado"/>
	<Run Id="design_1_VexRiscv_0_0_synth_1" LaunchDir="C:/Users/elada/Documents/Doctorat/ESA/RW/Paper_3/Debug/Debug.runs/design_1_VexRiscv_0_0_synth_1" FlowId="Vivado_Synthesis" FromStepId="vivado" ToStepId="vivado"/>
	<Run Id="design_1_ahblite_axi_bridge_0_0_synth_1" LaunchDir="C:/Users/elada/Documents/Doctorat/ESA/RW/Paper_3/Debug/Debug.runs/design_1_ahblite_axi_bridge_0_0_synth_1" FlowId="Vivado_Synthesis" FromStepId="vivado" ToStepId="vivado"/>
	<Run Id="design_1_ahblite_axi_bridge_1_0_synth_1" LaunchDir="C:/Users/elada/Documents/Doctorat/ESA/RW/Paper_3/Debug/Debug.runs/design_1_ahblite_axi_bridge_1_0_synth_1" FlowId="Vivado_Synthesis" FromStepId="vivado" ToStepId="vivado" IsOrderedIPRun="true">
		<Parent Id="design_1_ahblite_axi_bridge_0_0_synth_1"/>
	</Run>
	<Run Id="design_1_axi_bram_ctrl_0_1_synth_1" LaunchDir="C:/Users/elada/Documents/Doctorat/ESA/RW/Paper_3/Debug/Debug.runs/design_1_axi_bram_ctrl_0_1_synth_1" FlowId="Vivado_Synthesis" FromStepId="vivado" ToStepId="vivado"/>
	<Run Id="design_1_axi_bram_ctrl_0_2_synth_1" LaunchDir="C:/Users/elada/Documents/Doctorat/ESA/RW/Paper_3/Debug/Debug.runs/design_1_axi_bram_ctrl_0_2_synth_1" FlowId="Vivado_Synthesis" FromStepId="vivado" ToStepId="vivado" IsOrderedIPRun="true">
		<Parent Id="design_1_axi_bram_ctrl_0_1_synth_1"/>
	</Run>
	<Run Id="design_1_blk_mem_gen_0_0_synth_1" LaunchDir="C:/Users/elada/Documents/Doctorat/ESA/RW/Paper_3/Debug/Debug.runs/design_1_blk_mem_gen_0_0_synth_1" FlowId="Vivado_Synthesis" FromStepId="vivado" ToStepId="vivado"/>
	<Run Id="design_1_blk_mem_gen_0_1_synth_1" LaunchDir="C:/Users/elada/Documents/Doctorat/ESA/RW/Paper_3/Debug/Debug.runs/design_1_blk_mem_gen_0_1_synth_1" FlowId="Vivado_Synthesis" FromStepId="vivado" ToStepId="vivado" IsOrderedIPRun="true">
		<Parent Id="design_1_blk_mem_gen_0_0_synth_1"/>
	</Run>
	<Run Id="design_1_clk_wiz_0_synth_1" LaunchDir="C:/Users/elada/Documents/Doctorat/ESA/RW/Paper_3/Debug/Debug.runs/design_1_clk_wiz_0_synth_1" FlowId="Vivado_Synthesis" FromStepId="vivado" ToStepId="vivado"/>
	<Run Id="design_1_rst_clk_wiz_100M_0_synth_1" LaunchDir="C:/Users/elada/Documents/Doctorat/ESA/RW/Paper_3/Debug/Debug.runs/design_1_rst_clk_wiz_100M_0_synth_1" FlowId="Vivado_Synthesis" FromStepId="vivado" ToStepId="vivado"/>
	<Parameters>
		<Parameter Name="runs.monitorLSFJobs" Val="true" Type="bool"/>
		<Parameter Name="runs.enableClusterConf" Val="true" Type="bool"/>
		<Parameter Name="general.shortenLongPath" Val="true" Type="bool"/>
	</Parameters>
	<ProductInfo Name="vivado"/>
</Runs>

